<?xml version="1.0" encoding="UTF-8"?>

<beans xmlns="http://www.springframework.org/schema/beans"
	xmlns:xsi="http://www.w3.org/2001/XMLSchema-instance"
	xmlns:mvc="http://www.springframework.org/schema/mvc"
	xmlns:context="http://www.springframework.org/schema/context"
	xmlns:tx="http://www.springframework.org/schema/tx"
	xsi:schemaLocation="
	http://www.springframework.org/schema/mvc http://www.springframework.org/schema/mvc/spring-mvc-3.0.xsd
	http://www.springframework.org/schema/beans http://www.springframework.org/schema/beans/spring-beans-3.0.xsd
	http://www.springframework.org/schema/context http://www.springframework.org/schema/context/spring-context-3.0.xsd
	http://www.springframework.org/schema/tx http://www.springframework.org/schema/tx/spring-tx.xsd">
	
	<tx:annotation-driven/>
	<context:annotation-config/>
	
			<!-- Resolve logical view names to .jsp resources in the /WEB-INF/views directory -->
	<bean class="org.springframework.web.servlet.view.InternalResourceViewResolver">
		<property name="prefix" value="/WEB-INF/views/" />
		<property name="suffix" value=".jsp" />
	</bean>
	
	<mvc:annotation-driven/>
	
	<mvc:resources mapping="/resources/**" location="/WEB-INF/resources/" />
	
	<context:component-scan base-package="org.nagarro"></context:component-scan>
	
	<bean class="org.springframework.jdbc.datasource.DriverManagerDataSource" name="dataSource">
		<property name="driverClassName" value="com.mysql.cj.jdbc.Driver"/>
		<property name="url" value="jdbc:mysql://localhost:3306/assignment8"/>
		<property name="username" value="root"/>
		<property name="password" value="root"/>
	</bean>
	
	<bean class="org.nagarro.dao.UserDao" name="userDao">
	</bean>
	
	<bean class="org.nagarro.dao.TshirtDao" name="tshirtDao">
	</bean>
	
	<bean class="org.springframework.orm.hibernate5.LocalSessionFactoryBean" name="sessionFactory">
	<property name="dataSource" ref="dataSource"/>
	<property name="hibernateProperties">
		<props>
			<prop key="hibernate.dialect">org.hibernate.dialect.MySQL57Dialect</prop>
			<prop key="hibernate.hbm2ddl.auto">update</prop>
		</props>
	</property>
	<property name="annotatedClasses">
		<list>
			<value>
				org.nagarro.model.UserModel
			</value>
			<value>
				org.nagarro.model.TshirtModel
			</value>
		</list>
	</property>
	</bean>
	
	<bean id="hibernateTemplate" class="org.springframework.orm.hibernate5.HibernateTemplate" name="hibernateTemplate">
		<property name="sessionFactory" ref="sessionFactory"></property>
	</bean>
	
	<bean class="org.springframework.orm.hibernate5.HibernateTransactionManager" name="transactionManager">
		<property name="sessionFactory" ref="sessionFactory"></property>
	</bean>

</beans>